timestamp,tweet_volume
2014-04-09,8193
2014-04-10,15039
2014-04-11,14907
2014-04-12,7582
2014-04-13,10674
2014-04-14,13266
2014-04-15,14835
2014-04-16,15790
2014-04-17,15215
2014-04-18,14028
2014-04-19,12337
2014-04-20,12139
2014-04-21,14244
2014-04-22,16098
2014-04-23,16232
2014-04-24,15471
2014-04-25,15255
2014-04-26,12283
2014-04-27,11667
2014-04-28,15969
2014-04-29,16706
2014-04-30,17588
2014-05-01,16988
2014-05-02,20057
2014-05-03,12910
2014-05-04,12716
2014-05-05,21273
2014-05-06,16806
2014-05-07,16970
2014-05-08,21518
2014-05-09,17442
2014-05-10,14225
2014-05-11,13469
2014-05-12,15910
2014-05-13,16935
2014-05-14,18167
2014-05-15,32817
2014-05-16,14474
2014-05-17,14587
2014-05-18,12892
2014-05-19,13595
2014-05-20,21515
2014-05-21,20254
2014-05-22,20217
2014-05-23,19485
2014-05-24,13630
2014-05-25,13823
2014-05-26,14792
2014-05-27,19718
2014-05-28,18545
2014-05-29,17571
2014-05-30,21731
2014-05-31,12882
2014-06-01,12849
2014-06-02,16427
2014-06-03,17858
2014-06-04,18010
2014-06-05,18707
2014-06-06,16611
2014-06-07,12557
2014-06-08,12134
2014-06-09,14497
2014-06-10,16631
2014-06-11,19356
2014-06-12,19092
2014-06-13,19128
2014-06-14,16078
2014-06-15,15810
2014-06-16,18430
2014-06-17,18560
2014-06-18,15957
2014-06-19,17605
2014-06-20,17459
2014-06-21,15113
2014-06-22,13838
2014-06-23,16325
2014-06-24,17005
2014-06-25,17683
2014-06-26,17534
2014-06-27,17587
2014-06-28,15236
2014-06-29,15482
2014-06-30,19860
2014-07-01,20443
2014-07-02,21375
2014-07-03,22046
2014-07-04,22659
2014-07-05,16997
2014-07-06,17331
2014-07-07,22248
2014-07-08,24425
2014-07-09,24542
2014-07-10,23242
2014-07-11,20939
2014-07-12,16719
2014-07-13,16133
2014-07-14,20287
2014-07-15,25031
2014-07-16,21984
2014-07-17,23305
2014-07-18,25897
2014-07-19,20261
2014-07-20,16827
2014-07-21,18501
2014-07-22,18386
2014-07-23,20612
2014-07-24,20448
2014-07-25,19971
2014-07-26,16000
2014-07-27,15621
2014-07-28,23384
2014-07-29,21797
2014-07-30,22092
2014-07-31,22160
2014-08-01,21585
2014-08-02,18531
2014-08-03,17187
2014-08-04,20609
2014-08-05,21073
2014-08-06,22471
2014-08-07,24516
2014-08-08,23126
2014-08-09,21820
2014-08-10,20814
2014-08-11,21388
2014-08-12,22551
2014-08-13,23725
2014-08-14,24887
2014-08-15,22725
2014-08-16,23487
2014-08-17,22608
2014-08-18,21867
2014-08-19,24106
2014-08-20,26924
2014-08-21,22176
2014-08-22,21222
2014-08-23,17389
2014-08-24,16318
2014-08-25,19062
2014-08-26,19596
2014-08-27,19625
2014-08-28,22229
2014-08-29,19838
2014-08-30,18905
2014-08-31,17226
2014-09-01,18661
2014-09-02,22901
2014-09-03,22113
2014-09-04,24968
2014-09-05,22368
2014-09-06,21053
2014-09-07,17730
2014-09-08,22751
2014-09-09,16169
2014-09-10,16616
2014-09-11,27367
2014-09-12,24097
2014-09-13,18209
2014-09-14,18671
2014-09-15,23392
2014-09-16,21176
2014-09-17,27946
2014-09-18,21135
2014-09-19,20775
2014-09-20,17607
2014-09-21,17026
2014-09-22,14984
2014-09-23,23489
2014-09-24,20675
2014-09-25,20757
2014-09-26,19512
2014-09-27,17202
2014-09-28,16636
2014-09-29,19660
2014-09-30,21073
2014-10-01,18636
2014-10-02,18380
2014-10-03,20207
2014-10-04,18214
2014-10-05,20031
2014-10-06,25065
2014-10-07,22543
2014-10-08,24408
2014-10-09,24075
2014-10-10,19090
2014-10-11,17107
2014-10-12,17072
2014-10-13,22018
2014-10-14,25804
2014-10-15,23992
2014-10-16,24445
2014-10-17,21491
2014-10-18,20572
2014-10-19,18259
2014-10-20,23312
2014-10-21,22499
2014-10-22,20348
2014-10-23,21036
2014-10-24,11147
2014-10-25,22449
2014-10-26,20090
2014-10-27,21632
2014-10-28,20173
2014-10-29,22081
2014-10-30,22855
2014-10-31,22906
2014-11-01,30263
2014-11-02,21408
2014-11-03,26060
2014-11-04,20992
2014-11-05,20871
2014-11-06,24348
2014-11-07,24244
2014-11-08,18964
2014-11-09,18949
2014-11-10,22516
2014-11-11,23156
2014-11-12,25601
2014-11-13,26798
2014-11-14,23449
2014-11-15,21104
2014-11-16,21652
2014-11-17,25728
2014-11-18,28238
2014-11-19,25117
2014-11-20,23707
2014-11-21,24577
2014-11-22,22344
2014-11-23,20544
2014-11-24,25545
2014-11-25,25985
2014-11-26,27929
2014-11-27,25790
2014-11-28,24830
2014-11-29,26555
2014-11-30,20117
2014-12-01,26508
2014-12-02,32744
2014-12-03,24990
2014-12-04,26370
2014-12-05,25043
2014-12-06,21503
2014-12-07,21983
2014-12-08,24899
2014-12-09,27224
2014-12-10,25421
2014-12-11,32162
2014-12-12,25383
2014-12-13,26584
2014-12-14,23579
2014-12-15,26094
2014-12-16,27622
2014-12-17,28350
2014-12-18,26969
2014-12-19,23574
2014-12-20,23524
2014-12-21,21411
2014-12-22,23172
2014-12-23,25504
2014-12-24,24192
2014-12-25,21216
2014-12-26,21728
2014-12-27,21543
2014-12-28,18427
2014-12-29,19605
2014-12-30,19477
2014-12-31,20017
2015-01-01,18681
2015-01-02,9385
2015-01-03,null
2015-01-04,7300
2015-01-05,23092
2015-01-06,25041
2015-01-07,26987
2015-01-08,22546
2015-01-09,30439
2015-01-10,22162
2015-01-11,20760
2015-01-12,24861
2015-01-13,30086
2015-01-14,35414
2015-01-15,26417
2015-01-16,26448
2015-01-17,19187
2015-01-18,24812
2015-01-19,27548
2015-01-20,26982
2015-01-21,24660
2015-01-22,25882
2015-01-23,24058
2015-01-24,32718
2015-01-25,21312
2015-01-26,33929
2015-01-27,26135
2015-01-28,27422
2015-01-29,25184
2015-01-30,22919
2015-01-31,18146
2015-02-01,19445
2015-02-02,24761
2015-02-03,33419
2015-02-04,22995
2015-02-05,28935
2015-02-06,23289
2015-02-07,19540
2015-02-08,20792
2015-02-09,24642
2015-02-10,24331
2015-02-11,39339
2015-02-12,25742
2015-02-13,27697
2015-02-14,19041
2015-02-15,21846
2015-02-16,24782
2015-02-17,24354
2015-02-18,22628
2015-02-19,24979
2015-02-20,29514
2015-02-21,20543
2015-02-22,20579
2015-02-23,23428
2015-02-24,24385
2015-02-25,24137
2015-02-26,26283
2015-02-27,30545
2015-02-28,20811
2015-03-01,18895
2015-03-02,23297
2015-03-03,25764
2015-03-04,25007
2015-03-05,24174
2015-03-06,22774
2015-03-07,19322
2015-03-08,19396
2015-03-09,23937
2015-03-10,28378
2015-03-11,25733
2015-03-12,24527
2015-03-13,25574
2015-03-14,21952
2015-03-15,24161
2015-03-16,24071
2015-03-17,36584
2015-03-18,24807
2015-03-19,31393
2015-03-20,26773
2015-03-21,23297
2015-03-22,27846
2015-03-23,34762
2015-03-24,31576
2015-03-25,35297
2015-03-26,37079
2015-03-27,36691
2015-03-28,31697
2015-03-29,31897
2015-03-30,38669
2015-03-31,35388
2015-04-01,34237
2015-04-02,29264
2015-04-03,30317
2015-04-04,27885
2015-04-05,29227
2015-04-06,29046
2015-04-07,29994
2015-04-08,37076
2015-04-09,37353
2015-04-10,28657
2015-04-11,27225
2015-04-12,25877
2015-04-13,29205
2015-04-14,30124
2015-04-15,28598
2015-04-16,34517
2015-04-17,28275
2015-04-18,25659
2015-04-19,26993
2015-04-20,28470
2015-04-21,32701
2015-04-22,30895
2015-04-23,30202
2015-04-24,35266
2015-04-25,25715
2015-04-26,36471
2015-04-27,39066
2015-04-28,31957
2015-04-29,30639
2015-04-30,29720
2015-05-01,27237
2015-05-02,25012
2015-05-03,27042
2015-05-04,29448
2015-05-05,27820
2015-05-06,29624
2015-05-07,27526
2015-05-08,25655
2015-05-09,23791
2015-05-10,31503
2015-05-11,32317
2015-05-12,30635
2015-05-13,30934
2015-05-14,31708
2015-05-15,42997
2015-05-16,32407
2015-05-17,32810
2015-05-18,34624
2015-05-19,34750
2015-05-20,30108
2015-05-21,27578
2015-05-22,29926
2015-05-23,27166
2015-05-24,27968
2015-05-25,30637
2015-05-26,34578
2015-05-27,29218
2015-05-28,23591
2015-05-29,24045
2015-05-30,23844
2015-05-31,24048
2015-06-01,27087
2015-06-02,28566
2015-06-03,34732
2015-06-04,76661
2015-06-05,28700
2015-06-06,27936
2015-06-07,26086
2015-06-08,46002
2015-06-09,43106
2015-06-10,26645
2015-06-11,52355
2015-06-12,36988
2015-06-13,21875
2015-06-14,46935
2015-06-15,28128
2015-06-16,84152
2015-06-17,35914
2015-06-18,38557
2015-06-19,28107
2015-06-20,25438
2015-06-21,23500
2015-06-22,27394
2015-06-23,28352
2015-06-24,36725
2015-06-25,26008
2015-06-26,23984
2015-06-27,23636
2015-06-28,25663
2015-06-29,40197
2015-06-30,33375
2015-07-01,29052
2015-07-02,27119
2015-07-03,25771
2015-07-04,23847
2015-07-05,24976
2015-07-06,36903
2015-07-07,29915
2015-07-08,36474
2015-07-09,30281
2015-07-10,29616
2015-07-11,24645
2015-07-12,26775
2015-07-13,42326
2015-07-14,50267
2015-07-15,38595
2015-07-16,35125
2015-07-17,29831
2015-07-18,25985
2015-07-19,25071
2015-07-20,36888
2015-07-21,30095
2015-07-22,44651
2015-07-23,33408
2015-07-24,28664
2015-07-25,21076
2015-07-26,15592
2015-07-27,30972
2015-07-28,33519
2015-07-29,37726
2015-07-30,33018
2015-07-31,27789
2015-08-01,26960
2015-08-02,24294
2015-08-03,35036
2015-08-04,34486
2015-08-05,31470
2015-08-06,35658
2015-08-07,47467
2015-08-08,29031
2015-08-09,27132
2015-08-10,27744
2015-08-11,26653
2015-08-12,29241
2015-08-13,31087
2015-08-14,30737
2015-08-15,28722
2015-08-16,24050
2015-08-17,37040
2015-08-18,28767
2015-08-19,28539
2015-08-20,36462
2015-08-21,39012
2015-08-22,34967
2015-08-23,27692
2015-08-24,34342
2015-08-25,37941
2015-08-26,33987
2015-08-27,34558
2015-08-28,39945
2015-08-29,14768
2015-08-30,32134
2015-08-31,35949
2015-09-01,37021
2015-09-02,39013
2015-09-03,42474
2015-09-04,36321
2015-09-05,29023
2015-09-06,35583
2015-09-07,38792
2015-09-08,46889
2015-09-09,16909
2015-09-10,37882
2015-09-11,38518
2015-09-12,32205
2015-09-13,40350
2015-09-14,16262
2015-09-15,20470
2015-09-16,45085
2015-09-17,33180
2015-09-18,31747
2015-09-19,39778
2015-09-20,65535
2015-09-21,59563
2015-09-22,82378
2015-09-23,42946
2015-09-24,46527
2015-09-25,41322
2015-09-26,41039
2015-09-27,30532
2015-09-28,35355
2015-09-29,40135
2015-09-30,43080
2015-10-01,41189
2015-10-02,35561
2015-10-03,49494
2015-10-04,33909
2015-10-05,32712
2015-10-06,39541
2015-10-07,38773
2015-10-08,35461
2015-10-09,30426
2015-10-10,29433
2015-10-11,27940
2015-10-12,34146
2015-10-13,31813
2015-10-14,28030
2015-10-15,37296
2015-10-16,36070
2015-10-17,31701
2015-10-18,25220
2015-10-19,35703
2015-10-20,42914
2015-10-21,38896
2015-10-22,44027
2015-10-23,37326
2015-10-24,36013
2015-10-25,30139
2015-10-26,37096
2015-10-27,50484
2015-10-28,45782
2015-10-29,45960
2015-10-30,32577
2015-10-31,35257
2015-11-01,31402
2015-11-02,35962
2015-11-03,42652
2015-11-04,54768
2015-11-05,51405
2015-11-06,43351
2015-11-07,36433
2015-11-08,39567
2015-11-09,45103
2015-11-10,43853
2015-11-11,34774
2015-11-12,38371
2015-11-13,35364
2015-11-14,30226
2015-11-15,32216
2015-11-16,35757
2015-11-17,36957
2015-11-18,40387
2015-11-19,32915
2015-11-20,33652
2015-11-21,25295
2015-11-22,17983
2015-11-23,21268
2015-11-24,20427
2015-11-25,27288
2015-11-26,24681
2015-11-27,25861
2015-11-28,25749
2015-11-29,24219
2015-11-30,26261
2015-12-01,25143
2015-12-02,23887
2015-12-03,23460
2015-12-04,22066
2015-12-05,22531
2015-12-06,22728
2015-12-07,25413
2015-12-08,24716
2015-12-09,33862
2015-12-10,25232
2015-12-11,26210
2015-12-12,23062
2015-12-13,21459
2015-12-14,32070
2015-12-15,28842
2015-12-16,27652
2015-12-17,23729
2015-12-18,24189
2015-12-19,21372
2015-12-20,19855
2015-12-21,24803
2015-12-22,25707
2015-12-23,26011
2015-12-24,23679
2015-12-25,21240
2015-12-26,21795
2015-12-27,32284
2015-12-28,31890
2015-12-29,24417
2015-12-30,26654
2015-12-31,24012
2016-01-01,20122
2016-01-02,19715
2016-01-03,19638
2016-01-04,23308
2016-01-05,27207
2016-01-06,24615
2016-01-07,24700
2016-01-08,26040
2016-01-09,20585
2016-01-10,20755
2016-01-11,23867
2016-01-12,27110
2016-01-13,27094
2016-01-14,25568
2016-01-15,31035
2016-01-16,28097
2016-01-17,25408
2016-01-18,29308
2016-01-19,24617
2016-01-20,29720
2016-01-21,29595
2016-01-22,27533
2016-01-23,23029
2016-01-24,22635
2016-01-25,25172
2016-01-26,26057
2016-01-27,28379
2016-01-28,26070
2016-01-29,29331
2016-01-30,25049
2016-01-31,27728
2016-02-01,29309
2016-02-02,26458
2016-02-03,27023
2016-02-04,26103
2016-02-05,26621
2016-02-06,23929
2016-02-07,24021
2016-02-08,27363
2016-02-09,25751
2016-02-10,28230
2016-02-11,29630
2016-02-12,28064
2016-02-13,25543
2016-02-14,25283
2016-02-15,27181
2016-02-16,27923
2016-02-17,29153
2016-02-18,24986
2016-02-19,27889
2016-02-20,23050
2016-02-21,25424
2016-02-22,25239
2016-02-23,28499
2016-02-24,27169
2016-02-25,28753
2016-02-26,30726
2016-02-27,24902
2016-02-28,28161
2016-02-29,28270
2016-03-01,25668
2016-03-02,27957
2016-03-03,31442
2016-03-04,30294
2016-03-05,28045
2016-03-06,24747
2016-03-07,29486
2016-03-08,27850
2016-03-09,28142
2016-03-10,30719
2016-03-11,29704
2016-03-12,28068
2016-03-13,28299
2016-03-14,28751
2016-03-15,30661
2016-03-16,33113
2016-03-17,30033
2016-03-18,25976
2016-03-19,27011
2016-03-20,22064
2016-03-21,25353
2016-03-22,25184
2016-03-23,23845
2016-03-24,22710
2016-03-25,22593
2016-03-26,20187
2016-03-27,19044
2016-03-28,23045
2016-03-29,31699
2016-03-30,35672
2016-03-31,24191
2016-04-01,24472
2016-04-02,21507
2016-04-03,21378
2016-04-04,24516
2016-04-05,26914
2016-04-06,23270
2016-04-07,23407
2016-04-08,24554
2016-04-09,19399
2016-04-10,19193
2016-04-11,23919
2016-04-12,23252
2016-04-13,23243
2016-04-14,24938
2016-04-15,27593
2016-04-16,20857
2016-04-17,19395
2016-04-18,21989
2016-04-19,22642
2016-04-20,22973
2016-04-21,23282
2016-04-22,24241
2016-04-23,25236
2016-04-24,30727
2016-04-25,28861
2016-04-26,26206
2016-04-27,28009
2016-04-28,26142
2016-04-29,26067
2016-04-30,22785
2016-05-01,22113
2016-05-02,44092
2016-05-03,34902
2016-05-04,28567
2016-05-05,27508
2016-05-06,24738
2016-05-07,21334
2016-05-08,20478
2016-05-09,23092
2016-05-10,23402
2016-05-11,21597
2016-05-12,22343
2016-05-13,23638
2016-05-14,19355
2016-05-15,19527
2016-05-16,21419
2016-05-17,21242
2016-05-18,21130
2016-05-19,21055
2016-05-20,21015
2016-05-21,18208
2016-05-22,20846
2016-05-23,25025
2016-05-24,25558
2016-05-25,25514
2016-05-26,25096
2016-05-27,22418
2016-05-28,20785
2016-05-29,21179
2016-05-30,23116
2016-05-31,22168
2016-06-01,24322
2016-06-02,25664
2016-06-03,25989
2016-06-04,22507
2016-06-05,24256
2016-06-06,25168
2016-06-07,25479
2016-06-08,25213
2016-06-09,23455
2016-06-10,23436
2016-06-11,20546
2016-06-12,25917
2016-06-13,27242
2016-06-14,23970
2016-06-15,24561
2016-06-16,26795
2016-06-17,26724
2016-06-18,20862
2016-06-19,20799
2016-06-20,27198
2016-06-21,27064
2016-06-22,25119
2016-06-23,24183
2016-06-24,26403
2016-06-25,20205
2016-06-26,20500
2016-06-27,23913
2016-06-28,23816
2016-06-29,23872
2016-06-30,23132
2016-07-01,23027
2016-07-02,23595
2016-07-03,20287
2016-07-04,21181
2016-07-05,22046
2016-07-06,23770
2016-07-07,23909
2016-07-08,23469
2016-07-09,25041
2016-07-10,20364
2016-07-11,22699
2016-07-12,22223
2016-07-13,22998
2016-07-14,21544
2016-07-15,20434
2016-07-16,18987
2016-07-17,19456
2016-07-18,21330
2016-07-19,23226
2016-07-20,22621
2016-07-21,20837
2016-07-22,20712
2016-07-23,18351
2016-07-24,18766
2016-07-25,22664
2016-07-26,23499
2016-07-27,21902
2016-07-28,23727
2016-07-29,20354
2016-07-30,17310
2016-07-31,17590
2016-08-01,22021
2016-08-02,27947
2016-08-03,33437
2016-08-04,25150
2016-08-05,25115
2016-08-06,20484
2016-08-07,20769
2016-08-08,24232
2016-08-09,24435
2016-08-10,30224
2016-08-11,23497
2016-08-12,25008
2016-08-13,21026
2016-08-14,24566
2016-08-15,25180
2016-08-16,23549
2016-08-17,22643
2016-08-18,20849
2016-08-19,18562
2016-08-20,14687
2016-08-21,14412
2016-08-22,18821
2016-08-23,18812
2016-08-24,19302
2016-08-25,20127
2016-08-26,19606
2016-08-27,15956
2016-08-28,17112
2016-08-29,22110
2016-08-30,18322
2016-08-31,17456
2016-09-01,18373
2016-09-02,20605
2016-09-03,16664
2016-09-04,16972
2016-09-05,23183
2016-09-06,35065
2016-09-07,23060
2016-09-08,19731
2016-09-09,19091
2016-09-10,18701
2016-09-11,16124
2016-09-12,18821
2016-09-13,20868
2016-09-14,20554
2016-09-15,21820
2016-09-16,20588
2016-09-17,17201
2016-09-18,13717
2016-09-19,13913
2016-09-20,26427
2016-09-21,18606
2016-09-22,18260
2016-09-23,19726
2016-09-24,17748
2016-09-25,17984
2016-09-26,20210
2016-09-27,20912
2016-09-28,19750
2016-09-29,21230
2016-09-30,17676
2016-10-01,17285
2016-10-02,16869
2016-10-03,22770
2016-10-04,20191
2016-10-05,19102
2016-10-06,19174
2016-10-07,21247
2016-10-08,18265
2016-10-09,17597
2016-10-10,19079
2016-10-11,20605
2016-10-12,19254
2016-10-13,17289
2016-10-14,17479
2016-10-15,20593
2016-10-16,18498
2016-10-17,18689
2016-10-18,17940
2016-10-19,20522
2016-10-20,17281
2016-10-21,15145
2016-10-22,13770
2016-10-23,14832
2016-10-24,18801
2016-10-25,15756
2016-10-26,17995
2016-10-27,19247
2016-10-28,19798
2016-10-29,18463
2016-10-30,19812
2016-10-31,23052
2016-11-01,21499
2016-11-02,20959
2016-11-03,20253
2016-11-04,18517
2016-11-05,17653
2016-11-06,20121
2016-11-07,22734
2016-11-08,22954
2016-11-09,24370
2016-11-10,20972
2016-11-11,19923
2016-11-12,17540
2016-11-13,19573
2016-11-14,22700
2016-11-15,23129
2016-11-16,23016
2016-11-17,22943
2016-11-18,22105
2016-11-19,20995
2016-11-20,17894
2016-11-21,22770
2016-11-22,22500
2016-11-23,21827
2016-11-24,21061
2016-11-25,20433
2016-11-26,19734
2016-11-27,19864
2016-11-28,22289
2016-11-29,21602
2016-11-30,21457
2016-12-01,21117
2016-12-02,20335
2016-12-03,16186
2016-12-04,16345
2016-12-05,18558
2016-12-06,20236
2016-12-07,21592
2016-12-08,21302
2016-12-09,19749
2016-12-10,18331
2016-12-11,16070
2016-12-12,18775
2016-12-13,20749
2016-12-14,21101
2016-12-15,19341
2016-12-16,19242
2016-12-17,18364
2016-12-18,18930
2016-12-19,25718
2016-12-20,22945
2016-12-21,25531
2016-12-22,27288
2016-12-23,29448
2016-12-24,22045
2016-12-25,17925
2016-12-26,19894
2016-12-27,22525
2016-12-28,24151
2016-12-29,22502
2016-12-30,18971
2016-12-31,18483
2017-01-01,21071
2017-01-02,26461
2017-01-03,27269
2017-01-04,31611
2017-01-05,33407
2017-01-06,29065
2017-01-07,22717
2017-01-08,19595
2017-01-09,23277
2017-01-10,22918
2017-01-11,29228
2017-01-12,30387
2017-01-13,28785
2017-01-14,22367
2017-01-15,22232
2017-01-16,24103
2017-01-17,25648
2017-01-18,26491
2017-01-19,27848
2017-01-20,23365
2017-01-21,20833
2017-01-22,20816
2017-01-23,24809
2017-01-24,28304
2017-01-25,27278
2017-01-26,24366
2017-01-27,23178
2017-01-28,21300
2017-01-29,20789
2017-01-30,27170
2017-01-31,23711
2017-02-01,22600
2017-02-02,23547
2017-02-03,26694
2017-02-04,27112
2017-02-05,23530
2017-02-06,29026
2017-02-07,30138
2017-02-08,26445
2017-02-09,27886
2017-02-10,26096
2017-02-11,26759
2017-02-12,27211
2017-02-13,24621
2017-02-14,27568
2017-02-15,26945
2017-02-16,24357
2017-02-17,26355
2017-02-18,21344
2017-02-19,19946
2017-02-20,26113
2017-02-21,25187
2017-02-22,26751
2017-02-23,27929
2017-02-24,37286
2017-02-25,24005
2017-02-26,27326
2017-02-27,24703
2017-02-28,23501
2017-03-01,25248
2017-03-02,28277
2017-03-03,31848
2017-03-04,24535
2017-03-05,22507
2017-03-06,29476
2017-03-07,31214
2017-03-08,28463
2017-03-09,29362
2017-03-10,36952
2017-03-11,30193
2017-03-12,26226
2017-03-13,27414
2017-03-14,27110
2017-03-15,25560
2017-03-16,26412
2017-03-17,28612
2017-03-18,25964
2017-03-19,26859
2017-03-20,30480
2017-03-21,29659
2017-03-22,32507
2017-03-23,39969
2017-03-24,30279
2017-03-25,29728
2017-03-26,23985
2017-03-27,25216
2017-03-28,26462
2017-03-29,24593
2017-03-30,25723
2017-03-31,24542
2017-04-01,21680
2017-04-02,21011
2017-04-03,25315
2017-04-04,26979
2017-04-05,28967
2017-04-06,28251
2017-04-07,29445
2017-04-08,23272
2017-04-09,22661
2017-04-10,26562
2017-04-11,28441
2017-04-12,29250
2017-04-13,27278
2017-04-14,25953
2017-04-15,22135
2017-04-16,23562
2017-04-17,28015
2017-04-18,28770
2017-04-19,26629
2017-04-20,29974
2017-04-21,28206
2017-04-22,27203
2017-04-23,25203
2017-04-24,29644
2017-04-25,33008
2017-04-26,29463
2017-04-27,32051
2017-04-28,28213
2017-04-29,25838
2017-04-30,27459
2017-05-01,34936
2017-05-02,35501
2017-05-03,31179
2017-05-04,34255
2017-05-05,29857
2017-05-06,25032
2017-05-07,26713
2017-05-08,29244
2017-05-09,44121
2017-05-10,40934
2017-05-11,35505
2017-05-12,35985
2017-05-13,33174
2017-05-14,40474
2017-05-15,32997
2017-05-16,35688
2017-05-17,33543
2017-05-18,33534
2017-05-19,34239
2017-05-20,32852
2017-05-21,34900
2017-05-22,44720
2017-05-23,48940
2017-05-24,47492
2017-05-25,51057
2017-05-26,49914
2017-05-27,39077
2017-05-28,33992
2017-05-29,41046
2017-05-30,41624
2017-05-31,47749
2017-06-01,39409
2017-06-02,35997
2017-06-03,30857
2017-06-04,38571
2017-06-05,38632
2017-06-06,51736
2017-06-07,43821
2017-06-08,37910
2017-06-09,38824
2017-06-10,34849
2017-06-11,36404
2017-06-12,42206
2017-06-13,43501
2017-06-14,41045
2017-06-15,45335
2017-06-16,41470
2017-06-17,35393
2017-06-18,33617
2017-06-19,38427
2017-06-20,41414
2017-06-21,40215
2017-06-22,37617
2017-06-23,42760
2017-06-24,null
2017-06-25,null
2017-06-26,null
2017-06-27,null
2017-06-28,null
2017-06-29,null
2017-06-30,null
2017-07-01,null
2017-07-02,null
2017-07-03,null
2017-07-04,null
2017-07-05,null
2017-07-06,null
2017-07-07,null
2017-07-08,null
2017-07-09,null
2017-07-10,null
2017-07-11,null
2017-07-12,41059
2017-07-13,37788
2017-07-14,36999
2017-07-15,35882
2017-07-16,35044
2017-07-17,42841
2017-07-18,38869
2017-07-19,40774
2017-07-20,42878
2017-07-21,41888
2017-07-22,36424
2017-07-23,36108
2017-07-24,44080
2017-07-25,44885
2017-07-26,47880
2017-07-27,49367
2017-07-28,46138
2017-07-29,35823
2017-07-30,37073
2017-07-31,45510
2017-08-01,52376
2017-08-02,50050
2017-08-03,47758
2017-08-04,47503
2017-08-05,48992
2017-08-06,36187
2017-08-07,46630
2017-08-08,53994
2017-08-09,48611
2017-08-10,45181
2017-08-11,49242
2017-08-12,44387
2017-08-13,47827
2017-08-14,57531
2017-08-15,65447
2017-08-16,53779
2017-08-17,71870
2017-08-18,61067
2017-08-19,51709
2017-08-20,58268
2017-08-21,53402
2017-08-22,59244
2017-08-23,59293
2017-08-24,63067
2017-08-25,58723
2017-08-26,50258
2017-08-27,47358
2017-08-28,53173
2017-08-29,60452
2017-08-30,57072
2017-08-31,58244
2017-09-01,67953
2017-09-02,53177
2017-09-03,49077
2017-09-04,77422
2017-09-05,61290
2017-09-06,57051
2017-09-07,51603
2017-09-08,57797
2017-09-09,54796
2017-09-10,52629
2017-09-11,61659
2017-09-12,64321
2017-09-13,73211
2017-09-14,81128
2017-09-15,78373
2017-09-16,64396
2017-09-17,52831
2017-09-18,73426
2017-09-19,71751
2017-09-20,59979
2017-09-21,61443
2017-09-22,63652
2017-09-23,56876
2017-09-24,55081
2017-09-25,72699
2017-09-26,61973
2017-09-27,65959
2017-09-28,70657
2017-09-29,76874
2017-09-30,56280
2017-10-01,58917
2017-10-02,66945
2017-10-03,70772
2017-10-04,76296
2017-10-05,61290
2017-10-06,68406
2017-10-07,76111
2017-10-08,63113
2017-10-09,73002
2017-10-10,79373
2017-10-11,68320
2017-10-12,106779
2017-10-13,99372
2017-10-14,83670
2017-10-15,93320
2017-10-16,77238
2017-10-17,80151
2017-10-18,71392
2017-10-19,85571
2017-10-20,94627
2017-10-21,66998
2017-10-22,74513
2017-10-23,86442
2017-10-24,74472
2017-10-25,72426
2017-10-26,67679
2017-10-27,69197
2017-10-28,59449
2017-10-29,64396
2017-10-30,73018
2017-10-31,86043
2017-11-01,89885
2017-11-02,92923
2017-11-03,77953
2017-11-04,73373
2017-11-05,67196
2017-11-06,72577
2017-11-07,64461
2017-11-08,81551
2017-11-09,81241
2017-11-10,80481
2017-11-11,68892
2017-11-12,71176
2017-11-13,73373
2017-11-14,71630
2017-11-15,79934
2017-11-16,87538
2017-11-17,83410
2017-11-18,68192
2017-11-19,72762
2017-11-20,102144
2017-11-21,87110
2017-11-22,78405
2017-11-23,75047
2017-11-24,69886
2017-11-25,71625
2017-11-26,80943
2017-11-27,98413
2017-11-28,106360
2017-11-29,128781
2017-11-30,103190
2017-12-01,105017
2017-12-02,88292
2017-12-03,83022
2017-12-04,97945
2017-12-05,103919
2017-12-06,116856
2017-12-07,155600
2017-12-08,124260
2017-12-09,114109
2017-12-10,100455
2017-12-11,128425
2017-12-12,113215
2017-12-13,98863
2017-12-14,109628
2017-12-15,105711
2017-12-16,82782
2017-12-17,84441
2017-12-18,97245
2017-12-19,83423
2017-12-20,101169
2017-12-21,105591
2017-12-22,124670
2017-12-23,100098
2017-12-24,70864
2017-12-25,64029
2017-12-26,77648
2017-12-27,78968
2017-12-28,79968
2017-12-29,77151
2017-12-30,71377
2017-12-31,64989
2018-01-01,62044
2018-01-02,77723
2018-01-03,79086
2018-01-04,74534
2018-01-05,76404
2018-01-06,62977
2018-01-07,67259
2018-01-08,30585
2018-01-09,80932
2018-01-10,82357
2018-01-11,100333
2018-01-12,80737
2018-01-13,63396
2018-01-14,65657
2018-01-15,76852
2018-01-16,102135
2018-01-17,111394
2018-01-18,100366
2018-01-19,57244
2018-01-20,75149
2018-01-21,76295
2018-01-22,93708
2018-01-23,81995
2018-01-24,78855
2018-01-25,79509
2018-01-26,73227
2018-01-27,63956
2018-01-28,66645
2018-01-29,82322
2018-01-30,84246
2018-01-31,81651
2018-02-01,93008
2018-02-02,102640
2018-02-03,76444
2018-02-04,78202
2018-02-05,99959
2018-02-06,109734
2018-02-07,95072
2018-02-08,101569
2018-02-09,89542
2018-02-10,77570
2018-02-11,75335
2018-02-12,83783
2018-02-13,73084
2018-02-14,72888
2018-02-15,74208
2018-02-16,74964
2018-02-17,69716
2018-02-18,62968
2018-02-19,69225
2018-02-20,75215
2018-02-21,69562
2018-02-22,66124
2018-02-23,62576
2018-02-24,56616
2018-02-25,63393
2018-02-26,66533
2018-02-27,64827
2018-02-28,68823
2018-03-01,61852
2018-03-02,61317
2018-03-03,null
2018-03-04,null
2018-03-05,null
2018-03-06,null
2018-03-07,null
2018-03-08,null
2018-03-09,null
2018-03-10,null
2018-03-11,null
2018-03-12,null
2018-03-13,null
2018-03-14,null
2018-03-15,null
2018-03-16,null
2018-03-17,null
2018-03-18,null
2018-03-19,null
2018-03-20,null
2018-03-21,null
2018-03-22,null
2018-03-23,null
2018-03-24,null
2018-03-25,null
2018-03-26,null
2018-03-27,null
2018-03-28,null
2018-03-29,null
2018-03-30,null
2018-03-31,null
2018-04-01,null
2018-04-02,null
2018-04-03,null
2018-04-04,null
2018-04-05,null
2018-04-06,null
2018-04-07,52476
2018-04-08,52796
2018-04-09,59029
2018-04-10,59044
2018-04-11,61072
2018-04-12,68886
2018-04-13,64178
2018-04-14,50026
2018-04-15,52494
2018-04-16,56538
2018-04-17,56111
2018-04-18,56720
2018-04-19,57013
2018-04-20,57190
2018-04-21,56176
2018-04-22,59404
2018-04-23,59885
2018-04-24,67323
2018-04-25,65523
2018-04-26,64330
2018-04-27,55754
2018-04-28,49473
2018-04-29,46959
2018-04-30,49151
2018-05-01,49777
2018-05-02,48137
2018-05-03,50882
2018-05-04,57751
2018-05-05,50536
2018-05-06,47589
2018-05-07,53424
2018-05-08,52302
2018-05-09,54594
2018-05-10,53621
2018-05-11,55128
2018-05-12,48718
2018-05-13,46131
2018-05-14,52460
2018-05-15,50376
2018-05-16,49167
2018-05-17,47708
2018-05-18,46685
2018-05-19,40643
2018-05-20,41628
2018-05-21,44301
2018-05-22,44097
2018-05-23,49303
2018-05-24,46043
2018-05-25,42093
2018-05-26,38020
2018-05-27,43809
2018-05-28,44801
2018-05-29,46903
2018-05-30,51863
2018-05-31,47154
2018-06-01,45316
2018-06-02,41760
2018-06-03,41999
2018-06-04,46104
2018-06-05,46860
2018-06-06,45323
2018-06-07,48259
2018-06-08,46310
2018-06-09,38889
2018-06-10,40585
2018-06-11,45487
2018-06-12,46551
2018-06-13,51652
2018-06-14,47079
2018-06-15,39786
2018-06-16,36471
2018-06-17,37164
2018-06-18,46282
2018-06-19,45018
2018-06-20,41009
2018-06-21,38835
2018-06-22,41721
2018-06-23,36776
2018-06-24,36953
2018-06-25,42286
2018-06-26,43429
2018-06-27,40206
2018-06-28,41574
2018-06-29,41392
2018-06-30,35882
2018-07-01,32183
2018-07-02,40449
2018-07-03,43042
2018-07-04,40065
2018-07-05,38128
2018-07-06,38468
2018-07-07,32273
2018-07-08,31005
2018-07-09,37804
2018-07-10,39826
2018-07-11,39901
2018-07-12,39007
2018-07-13,37794
2018-07-14,30839
2018-07-15,32485
2018-07-16,41799
2018-07-17,45432
2018-07-18,42923
2018-07-19,39629
2018-07-20,38529
2018-07-21,33267
2018-07-22,32189
2018-07-23,39877
2018-07-24,48202
2018-07-25,41673
2018-07-26,39978
2018-07-27,37373
2018-07-28,31763
2018-07-29,32179
2018-07-30,37855
2018-07-31,38962
2018-08-01,39603
2018-08-02,37572
2018-08-03,39186
2018-08-04,33342
2018-08-05,30523
2018-08-06,35064
2018-08-07,34996
2018-08-08,36169
2018-08-09,34503
2018-08-10,34108
2018-08-11,29578
2018-08-12,28188
2018-08-13,31628
2018-08-14,36996
2018-08-15,35084
2018-08-16,33037
2018-08-17,32168
2018-08-18,27953
2018-08-19,26854
2018-08-20,33467
2018-08-21,33425
2018-08-22,32026
2018-08-23,33815
2018-08-24,29804
2018-08-25,26122
2018-08-26,23840
2018-08-27,28754
2018-08-28,33359
2018-08-29,31756
2018-08-30,31447
2018-08-31,32099
2018-09-01,30166
2018-09-02,29111
2018-09-03,34835
2018-09-04,35005
2018-09-05,35456
2018-09-06,37078
2018-09-07,33033
2018-09-08,28446
2018-09-09,30519
2018-09-10,33868
2018-09-11,32809
2018-09-12,29716
2018-09-13,32269
2018-09-14,31041
2018-09-15,27319
2018-09-16,26995
2018-09-17,31037
2018-09-18,30885
2018-09-19,31000
2018-09-20,32268
2018-09-21,34302
2018-09-22,27695
2018-09-23,29057
2018-09-24,32186
2018-09-25,33771
2018-09-26,32810
2018-09-27,31898
2018-09-28,29550
2018-09-29,28728
2018-09-30,27646
2018-10-01,31878
2018-10-02,31648
2018-10-03,31711
2018-10-04,34224
2018-10-05,34221
2018-10-06,29246
2018-10-07,28503
2018-10-08,37692
2018-10-09,35538
2018-10-10,33842
2018-10-11,32278
2018-10-12,28937
2018-10-13,27760
2018-10-14,28150
2018-10-15,35275
2018-10-16,35006
2018-10-17,33145
2018-10-18,30155
2018-10-19,28097
2018-10-20,23204
2018-10-21,22298
2018-10-22,30300
2018-10-23,30702
2018-10-24,29969
2018-10-25,25693
2018-10-26,25493
2018-10-27,20631
2018-10-28,20711
2018-10-29,26541
2018-10-30,25290
2018-10-31,33944
2018-11-01,31618
2018-11-02,22288
2018-11-03,18645
2018-11-04,24207
2018-11-05,23158
2018-11-06,25550
2018-11-07,24951
2018-11-08,24614
2018-11-09,25018
2018-11-10,20709
2018-11-11,18630
2018-11-12,23212
2018-11-13,25340
2018-11-14,34169
2018-11-15,30694
2018-11-16,28077
2018-11-17,23964
2018-11-18,21832
2018-11-19,39010
2018-11-20,36659
2018-11-21,30984
2018-11-22,27754
2018-11-23,26345
2018-11-24,22902
2018-11-25,26859
2018-11-26,29115
2018-11-27,29976
2018-11-28,29142
2018-11-29,28709
2018-11-30,25626
2018-12-01,26347
2018-12-02,21596
2018-12-03,27894
2018-12-04,25332
2018-12-05,27357
2018-12-06,null
2018-12-07,28638
2018-12-08,22270
2018-12-09,23363
2018-12-10,22818
2018-12-11,22603
2018-12-12,21876
2018-12-13,21792
2018-12-14,24445
2018-12-15,18577
2018-12-16,19526
2018-12-17,24940
2018-12-18,25600
2018-12-19,26446
2018-12-20,24630
2018-12-21,22143
2018-12-22,17737
2018-12-23,17701
2018-12-24,21198
2018-12-25,18394
2018-12-26,19107
2018-12-27,19522
2018-12-28,20589
2018-12-29,19252
2018-12-30,18295
2018-12-31,18611
2019-01-01,17069
2019-01-02,18830
2019-01-03,26754
2019-01-04,21139
2019-01-05,20096
2019-01-06,18883
2019-01-07,20476
2019-01-08,19387
2019-01-09,21237
2019-01-10,20948
2019-01-11,19317
2019-01-12,16138
2019-01-13,16041
2019-01-14,19018
2019-01-15,18363
2019-01-16,18790
2019-01-17,21544
2019-01-18,19125
2019-01-19,16923
2019-01-20,17285
2019-01-21,18571
2019-01-22,18601
2019-01-23,19434
2019-01-24,19994
2019-01-25,17787
2019-01-26,16307
2019-01-27,14794
2019-01-28,19069
2019-01-29,19242
2019-01-30,19785
2019-01-31,20616
2019-02-01,14658
2019-02-02,15728
2019-02-03,15208
2019-02-04,18658
2019-02-05,19792
2019-02-06,20673
2019-02-07,18834
2019-02-08,20304
2019-02-09,18400
2019-02-10,15294
2019-02-11,17137
2019-02-12,18536
2019-02-13,19037
2019-02-14,20146
2019-02-15,17973
2019-02-16,14503
2019-02-17,15013
2019-02-18,20088
2019-02-19,20657
2019-02-20,19783
2019-02-21,18673
2019-02-22,18990
2019-02-23,17467
2019-02-24,19043
2019-02-25,18557
2019-02-26,18337
2019-02-27,17989
2019-02-28,17668
2019-03-01,16498
2019-03-02,14475
2019-03-03,14176
2019-03-04,17545
2019-03-05,18838
2019-03-06,18028
2019-03-07,18488
2019-03-08,17183
2019-03-09,17366
2019-03-10,15841
2019-03-11,18186
2019-03-12,19917
2019-03-13,18492
2019-03-14,20023
2019-03-15,20206
2019-03-16,17435
2019-03-17,15347
2019-03-18,18737
2019-03-19,18727
2019-03-20,19248
2019-03-21,19423
2019-03-22,16970
2019-03-23,15265
2019-03-24,13501
2019-03-25,17740
2019-03-26,17060
2019-03-27,18796
2019-03-28,19331
2019-03-29,19794
2019-03-30,16862
2019-03-31,13999
2019-04-01,19381
2019-04-02,31271
2019-04-03,27604
2019-04-04,19138
2019-04-05,21242
2019-04-06,18512
2019-04-07,18379
2019-04-08,21850
2019-04-09,21506
2019-04-10,20630
2019-04-11,19646
2019-04-12,19211
2019-04-13,14753
2019-04-14,15018
2019-04-15,21915
2019-04-16,20162
2019-04-17,18090
2019-04-18,17682
2019-04-19,18120
2019-04-20,17709
2019-04-21,17222
2019-04-22,17408
2019-04-23,22296
2019-04-24,19743
2019-04-25,19506
2019-04-26,21070
2019-04-27,16710
2019-04-28,17580
2019-04-29,20448
2019-04-30,21581
2019-05-01,20851
2019-05-02,22445
2019-05-03,24485
2019-05-04,17068
2019-05-05,16535
2019-05-06,17404
2019-05-07,23358
2019-05-08,21963
2019-05-09,23754
2019-05-10,26998
2019-05-11,28634
2019-05-12,24282
2019-05-13,30708
2019-05-14,30481
2019-05-15,26417
2019-05-16,25357
2019-05-17,24758
2019-05-18,21030
2019-05-19,23521
2019-05-20,26986
2019-05-21,26690
2019-05-22,28228
2019-05-23,23030
2019-05-24,24832
2019-05-25,21858
2019-05-26,24478
2019-05-27,28581
2019-05-28,26446
2019-05-29,25021
2019-05-30,27798
2019-05-31,23693
2019-06-01,18033
2019-06-02,17800
2019-06-03,21639
2019-06-04,22663
2019-06-05,20976
2019-06-06,18986
2019-06-07,18556
2019-06-08,16193
2019-06-09,14067
2019-06-10,16525
2019-06-11,16251
2019-06-12,16268
2019-06-13,17035
2019-06-14,18696
2019-06-15,16573
2019-06-16,22492
2019-06-17,20646
2019-06-18,21527
2019-06-19,18490
2019-06-20,22820
2019-06-21,27828
2019-06-22,39374
2019-06-23,24127
2019-06-24,25892
2019-06-25,27019
2019-06-26,41687
2019-06-27,30175
2019-06-28,27588
2019-06-29,21149
2019-06-30,17663
2019-07-01,23124
2019-07-02,23546
2019-07-03,22563
2019-07-04,19546
2019-07-05,19656
2019-07-06,16184
2019-07-07,15820
2019-07-08,21434
2019-07-09,22180
2019-07-10,23834
2019-07-11,20230
2019-07-12,31450
2019-07-13,21442
2019-07-14,19451
2019-07-15,22735
2019-07-16,22784
2019-07-17,24278
2019-07-18,24597
2019-07-19,25759
2019-07-20,21566
2019-07-21,20697
2019-07-22,23274
2019-07-23,21610
2019-07-24,22926
2019-07-25,19361
2019-07-26,17954
2019-07-27,16400
2019-07-28,14762
2019-07-29,17179
2019-07-30,18294
2019-07-31,19647
2019-08-01,19930
2019-08-02,19806
2019-08-03,15856
2019-08-04,15514
2019-08-05,24014
2019-08-06,21526
2019-08-07,19684
2019-08-08,17352
2019-08-09,17787
2019-08-10,15781
2019-08-11,14407
2019-08-12,18156
2019-08-13,18208
2019-08-14,19072
2019-08-15,19697
2019-08-16,19352
2019-08-17,15703
2019-08-18,14246
2019-08-19,16770
2019-08-20,16596
2019-08-21,18179
2019-08-22,17858
2019-08-23,17668
2019-08-24,14618
2019-08-25,14278
2019-08-26,16826
2019-08-27,20448
2019-08-28,19033
2019-08-29,17137
2019-08-30,16339
2019-08-31,13453
2019-09-01,14620
2019-09-02,17337
2019-09-03,20903
2019-09-04,18177
2019-09-05,16187
2019-09-06,18376
2019-09-07,14526
2019-09-08,14593
2019-09-09,17004
2019-09-10,18300
2019-09-11,17080
2019-09-12,16904
2019-09-13,15885
2019-09-14,13360
2019-09-15,13380
2019-09-16,16491
2019-09-17,17082
2019-09-18,18477
2019-09-19,18387
2019-09-20,16907
2019-09-21,13899
2019-09-22,14650
2019-09-23,18065
2019-09-24,21250
2019-09-25,21772
2019-09-26,19619
2019-09-27,19119
2019-09-28,15414
2019-09-29,14229
2019-09-30,17758
2019-10-01,17754
2019-10-02,15544
2019-10-03,15626
2019-10-04,14904
2019-10-05,13536
2019-10-06,14729
2019-10-07,16843
2019-10-08,16662
2019-10-09,17990
2019-10-10,17144
2019-10-11,16759
2019-10-12,14136
2019-10-13,14172
2019-10-14,17307
2019-10-15,17552
2019-10-16,17713
2019-10-17,16806
2019-10-18,17011
2019-10-19,15757
2019-10-20,13294
2019-10-21,16282
2019-10-22,19420
2019-10-23,20329
2019-10-24,17486
2019-10-25,20601
2019-10-26,25470
2019-10-27,17460
2019-10-28,18462
2019-10-29,17199
2019-10-30,17972
2019-10-31,20869
2019-11-01,17370
2019-11-02,14470
2019-11-03,14022
2019-11-04,17953
2019-11-05,18119
2019-11-06,17193
2019-11-07,16147
2019-11-08,16463
2019-11-09,13608
2019-11-10,13655
2019-11-11,17451
2019-11-12,16739
2019-11-13,17058
2019-11-14,18144
2019-11-15,17028
2019-11-16,15041
2019-11-17,14539
2019-11-18,16505
2019-11-19,16874
2019-11-20,18338
2019-11-21,21597
2019-11-22,24404
2019-11-23,16543
2019-11-24,17253
2019-11-25,22633
2019-11-26,25824
2019-11-27,22517
2019-11-28,16332
2019-11-29,16670
2019-11-30,16174
2019-12-01,15964
2019-12-02,16129
2019-12-03,16469
2019-12-04,16817
2019-12-05,17127
2019-12-06,15697
2019-12-07,13437
2019-12-08,14176
2019-12-09,16592
2019-12-10,15197
2019-12-11,14324
2019-12-12,16412
2019-12-13,16588
2019-12-14,14114
2019-12-15,14381
2019-12-16,18724
2019-12-17,19303
2019-12-18,22374
2019-12-19,21588
2019-12-20,18959
2019-12-21,16562
2019-12-22,15978
2019-12-23,16906
2019-12-24,15959
2019-12-25,14984
2019-12-26,15205
2019-12-27,14711
2019-12-28,14765
2019-12-29,13684
2019-12-30,15568
2019-12-31,13500
2020-01-01,13987
2020-01-02,15920
2020-01-03,19730
2020-01-04,16357
2020-01-05,16533
2020-01-06,16540
2020-01-07,20950
2020-01-08,20820
2020-01-09,20500
2020-01-10,18266
2020-01-11,15900
2020-01-12,14383
2020-01-13,15305
2020-01-14,20772
2020-01-15,18142
2020-01-16,18513
2020-01-17,17272
2020-01-18,17651
2020-01-19,20557
2020-01-20,18586
2020-01-21,19285
2020-01-22,19401
2020-01-23,18546
2020-01-24,16643
2020-01-25,13919
2020-01-26,14485
2020-01-27,18223
2020-01-28,20422
2020-01-29,22062
2020-01-30,18452
2020-01-31,17685
2020-02-01,15818
2020-02-02,75543
2020-02-03,32917
2020-02-04,28537
2020-02-05,34975
2020-02-06,30260
2020-02-07,25577
2020-02-08,22495
2020-02-09,38674
2020-02-10,27170
2020-02-11,28117
2020-02-12,28341
2020-02-13,26869
2020-02-14,25754
2020-02-15,23918
2020-02-16,23996
2020-02-17,25279
2020-02-18,29623
2020-02-19,31627
2020-02-20,26789
2020-02-21,23685
2020-02-22,24088
2020-02-23,25803
2020-02-24,28829
2020-02-25,27251
2020-02-26,27388
2020-02-27,25882
2020-02-28,25289
2020-02-29,22884
2020-03-01,22847
2020-03-02,25876
2020-03-03,25782
2020-03-04,27221
2020-03-05,26232
2020-03-06,22285
2020-03-07,19205
2020-03-08,19627
2020-03-09,31167
2020-03-10,24544
2020-03-11,23550
2020-03-12,44735
2020-03-13,43020
2020-03-14,22922
2020-03-15,22102
2020-03-16,27432
2020-03-17,26159
2020-03-18,26644
2020-03-19,29033
2020-03-20,28150
2020-03-21,25403
2020-03-22,27844
2020-03-23,28657
2020-03-24,31076
2020-03-25,26878
2020-03-26,24772
2020-03-27,24128
2020-03-28,20983
2020-03-29,22187
2020-03-30,24425
2020-03-31,24944
2020-04-01,27700
2020-04-02,29947
2020-04-03,33185
2020-04-04,28502
2020-04-05,25533
2020-04-06,32118
2020-04-07,32171
2020-04-08,30033
2020-04-09,29133
2020-04-10,28128
2020-04-11,22432
2020-04-12,23749
2020-04-13,26814
2020-04-14,31671
2020-04-15,28889
2020-04-16,30583
2020-04-17,28790
2020-04-18,25279
2020-04-19,25819
2020-04-20,34822
2020-04-21,32492
2020-04-22,30981
2020-04-23,35498
2020-04-24,32567
2020-04-25,33355
2020-04-26,33495
2020-04-27,39379
2020-04-28,41546
2020-04-29,48269
2020-04-30,50532
2020-05-01,40443
2020-05-02,42783
2020-05-03,43879
2020-05-04,43373
2020-05-05,50889
2020-05-06,55866
2020-05-07,59654
2020-05-08,53749
2020-05-09,42273
2020-05-10,41923
2020-05-11,82838
2020-05-12,60453
2020-05-13,46507
2020-05-14,48588
2020-05-15,38102
2020-05-16,40293
2020-05-17,33797
2020-05-18,38987
2020-05-19,31927
2020-05-20,33468
2020-05-21,36198
2020-05-22,46283
2020-05-23,27771
2020-05-24,30235
2020-05-25,34450
2020-05-26,30190
2020-05-27,34046
2020-05-28,38537
2020-05-29,34052
2020-05-30,29372
2020-05-31,28806
2020-06-01,34801
2020-06-02,48257
2020-06-03,32772
2020-06-04,33808
2020-06-05,31415
2020-06-06,26066
2020-06-07,26035
2020-06-08,30802
2020-06-09,33586
2020-06-10,35740
2020-06-11,34444
2020-06-12,34530
2020-06-13,30524
2020-06-14,24592
2020-06-15,28560
2020-06-16,28992
2020-06-17,23559
2020-06-18,23904
2020-06-19,29522
2020-06-20,26154
2020-06-21,26333
2020-06-22,33399
2020-06-23,34373
2020-06-24,32446
2020-06-25,31154
2020-06-26,30758
2020-06-27,28444
2020-06-28,28965
2020-06-29,32380
2020-06-30,28895
2020-07-01,26910
2020-07-02,26683
2020-07-03,25726
2020-07-04,24368
2020-07-05,20039
2020-07-06,27694
2020-07-07,22547
2020-07-08,22723
2020-07-09,24645
2020-07-10,24965
2020-07-11,22288
2020-07-12,19664
2020-07-13,25309
2020-07-14,35940
2020-07-15,54174
2020-07-16,56131
2020-07-17,24865
2020-07-18,null
2020-07-19,18893
2020-07-20,24912
2020-07-21,27374
2020-07-22,25069
2020-07-23,27632
2020-07-24,27407
2020-07-25,27808
2020-07-26,30432
2020-07-27,51139
2020-07-28,45495
2020-07-29,33785
2020-07-30,32625
2020-07-31,30055
2020-08-01,39913
2020-08-02,33109
2020-08-03,29874
2020-08-04,29318
2020-08-05,38033
2020-08-06,38775
2020-08-07,37514
2020-08-08,29019
2020-08-09,25986
2020-08-10,35606
2020-08-11,33567
2020-08-12,35237
2020-08-13,30485
2020-08-14,38124
2020-08-15,39156
2020-08-16,29007
2020-08-17,40655
2020-08-18,38262
2020-08-19,36164
2020-08-20,33256
2020-08-21,34177
2020-08-22,27846
2020-08-23,28557
2020-08-24,32820
2020-08-25,36405
2020-08-26,31857
2020-08-27,32432
2020-08-28,34517
2020-08-29,26986
2020-08-30,27893
2020-08-31,29068
2020-09-01,35393
2020-09-02,32608
2020-09-03,37151
2020-09-04,34973
2020-09-05,28115
2020-09-06,23088
2020-09-07,30832
2020-09-08,28540
2020-09-09,30051
2020-09-10,29885
2020-09-11,30008
2020-09-12,27451
2020-09-13,27955
2020-09-14,29947
2020-09-15,34641
2020-09-16,35407
2020-09-17,33417
2020-09-18,31357
2020-09-19,29151
2020-09-20,26571
2020-09-21,32418
2020-09-22,38132
2020-09-23,47367
2020-09-24,37643
2020-09-25,38495
2020-09-26,25955
2020-09-27,37113
2020-09-28,34219
2020-09-29,32020
2020-09-30,33290
2020-10-01,35755
2020-10-02,32092
2020-10-03,29374
2020-10-04,31026
2020-10-05,29324
2020-10-06,30843
2020-10-07,34215
2020-10-08,42037
2020-10-09,41653
2020-10-10,37385
2020-10-11,33070
2020-10-12,32811
2020-10-13,33789
2020-10-14,87570
2020-10-15,63222
2020-10-16,36596
2020-10-17,29771
2020-10-18,26901
2020-10-19,31375
2020-10-20,37581
2020-10-21,64870
2020-10-22,43790
2020-10-23,35777
2020-10-24,32175
2020-10-25,28445
2020-10-26,36554
2020-10-27,44889
2020-10-28,36385
2020-10-29,36808
2020-10-30,32806
2020-10-31,49308
2020-11-01,40439
2020-11-02,32602
2020-11-03,36459
2020-11-04,47315
2020-11-05,60368
2020-11-06,47823
2020-11-07,33705
2020-11-08,30699
2020-11-09,35977
2020-11-10,35104
2020-11-11,39657
2020-11-12,44220
2020-11-13,48337
2020-11-14,37293
2020-11-15,33836
2020-11-16,47177
2020-11-17,74813
2020-11-18,70679
2020-11-19,43267
2020-11-20,47903
2020-11-21,45874
2020-11-22,43581
2020-11-23,47594
2020-11-24,78971
2020-11-25,46379
2020-11-26,53237
2020-11-27,44777
2020-11-28,37071
2020-11-29,33292
2020-11-30,66042
2020-12-01,60008
2020-12-02,48309
2020-12-03,44375
2020-12-04,46085
2020-12-05,39802
2020-12-06,39953
2020-12-07,45372
2020-12-08,46222
2020-12-09,42250
2020-12-10,37279
2020-12-11,35891
2020-12-12,38898
2020-12-13,39491
2020-12-14,38737
2020-12-15,43739
2020-12-16,127155
2020-12-17,120169
2020-12-18,67616
2020-12-19,56872
2020-12-20,62679
2020-12-21,61296
2020-12-22,45927
2020-12-23,43942
2020-12-24,42618
2020-12-25,49739
2020-12-26,72172
2020-12-27,88788
2020-12-28,59779
2020-12-29,56236
2020-12-30,80886
2020-12-31,68822
2021-01-01,55480
2021-01-02,145059
2021-01-03,141596
2021-01-04,82412
2021-01-05,68133
2021-01-06,86631
2021-01-07,125036
2021-01-08,113560
2021-01-09,84725
2021-01-10,74964
2021-01-11,109316
2021-01-12,83880
2021-01-13,91811
2021-01-14,106170
2021-01-15,70388
2021-01-16,62189
2021-01-17,59161
2021-01-18,69189
2021-01-19,70173
2021-01-20,61204
2021-01-21,79347
2021-01-22,79570
2021-01-23,52802
2021-01-24,50983
2021-01-25,63766
2021-01-26,55828
2021-01-27,60652
2021-01-28,84933
2021-01-29,200783
2021-01-30,93578
2021-01-31,68163
2021-02-01,91439
2021-02-02,80624
2021-02-03,87809
2021-02-04,76348
2021-02-05,97415
2021-02-06,107331
2021-02-07,77886
2021-02-08,212923
2021-02-09,159207
2021-02-10,124292
2021-02-11,115390
2021-02-12,122503
2021-02-13,93740
2021-02-14,99797
2021-02-15,101777
2021-02-16,147792
2021-02-17,147890
2021-02-18,116096
2021-02-19,150898
2021-02-20,118093
2021-02-21,111638
2021-02-22,110348
2021-02-23,131691
2021-02-24,103733
2021-02-25,82520
2021-02-26,81742
2021-02-27,66315
2021-02-28,73439
2021-03-01,89756
2021-03-02,103342
2021-03-03,94227
2021-03-04,81460
2021-03-05,70950
2021-03-06,40281
2021-03-07,68935
2021-03-08,81828
2021-03-09,85849
2021-03-10,81908
2021-03-11,95858
2021-03-12,104787
2021-03-13,154790
2021-03-14,102059
2021-03-15,116563
2021-03-16,99951
2021-03-17,106258
2021-03-18,106755
2021-03-19,106380
2021-03-20,92396
2021-03-21,80437
2021-03-22,103950
2021-03-23,94277
2021-03-24,130216
2021-03-25,137938
2021-03-26,137602
2021-03-27,106231
2021-03-28,86361
2021-03-29,104638
2021-03-30,111290
2021-03-31,108145
2021-04-01,69301
2021-04-02,30540
2021-04-03,75450
2021-04-04,87528
2021-04-05,44761
2021-04-06,32289
2021-04-07,86985
2021-04-08,104094
2021-04-09,102638
2021-04-10,110849
2021-04-11,94714
2021-04-12,132176
2021-04-13,171108
2021-04-14,161204
2021-04-15,110223
2021-04-16,113640
2021-04-17,100583
2021-04-18,178464
2021-04-19,122950
2021-04-20,112302
2021-04-21,96848
2021-04-22,108961
2021-04-23,132963
2021-04-24,86049
2021-04-25,81258
2021-04-26,110552
2021-04-27,102971
2021-04-28,97333
2021-04-29,96503
2021-04-30,92350
2021-05-01,99595
2021-05-02,78756
2021-05-03,89710
2021-05-04,87287
2021-05-05,93866
2021-05-06,84935
2021-05-07,103515
2021-05-08,82542
2021-05-09,62002
2021-05-10,74446
2021-05-11,72974
2021-05-12,104572
2021-05-13,249599
2021-05-14,120644
2021-05-15,95522
2021-05-16,148557
2021-05-17,184558
2021-05-18,120021
2021-05-19,363566
2021-05-20,173415
2021-05-21,185009
2021-05-22,174133
2021-05-23,160368
2021-05-24,151342
2021-05-25,107640
2021-05-26,114558
2021-05-27,100263
2021-05-28,104815
2021-05-29,98843
2021-05-30,109381
2021-05-31,101203
2021-06-01,105694
2021-06-02,92542
2021-06-03,88708
2021-06-04,184618
2021-06-05,174730
2021-06-06,211698
2021-06-07,172116
2021-06-08,187281
2021-06-09,297825
2021-06-10,192780
2021-06-11,145724
2021-06-12,133446
2021-06-13,149747
2021-06-14,173293
2021-06-15,139190
2021-06-16,116771
2021-06-17,122733
2021-06-18,125163
2021-06-19,98521
2021-06-20,100940
2021-06-21,153833
2021-06-22,153834
2021-06-23,125027
2021-06-24,105656
2021-06-25,154086
2021-06-26,105096
2021-06-27,122259
2021-06-28,128407
2021-06-29,120506
2021-06-30,110739
2021-07-01,110932
2021-07-02,101685
2021-07-03,92900
2021-07-04,85810
2021-07-05,88486
2021-07-06,95429
2021-07-07,111493
2021-07-08,108695
2021-07-09,98121
2021-07-10,85014
2021-07-11,70863
2021-07-12,98470
2021-07-13,141201
2021-07-14,98812
2021-07-15,92346
2021-07-16,86926
2021-07-17,73357
2021-07-18,75089
2021-07-19,83081
2021-07-20,102358
2021-07-21,150305
2021-07-22,106901
2021-07-23,87678
2021-07-24,97003
2021-07-25,83272
2021-07-26,184548
2021-07-27,128220
2021-07-28,133752
2021-07-29,106512
2021-07-30,93955
2021-07-31,88543
2021-08-01,103030
2021-08-02,118549
2021-08-03,103494
2021-08-04,97689
2021-08-05,95549
2021-08-06,104769
2021-08-07,110473
2021-08-08,97178
2021-08-09,121767
2021-08-10,113397
2021-08-11,99731
2021-08-12,98097
2021-08-13,98133
2021-08-14,81771
2021-08-15,77118
2021-08-16,99378
2021-08-17,98097
2021-08-18,96506
2021-08-19,102697
2021-08-20,113364
2021-08-21,83918
2021-08-22,79512
2021-08-23,139656
2021-08-24,119165
2021-08-25,98782
2021-08-26,87815
2021-08-27,97836
2021-08-28,79411
2021-08-29,83476
2021-08-30,100326
2021-08-31,85170
2021-09-01,103531
2021-09-02,124469
2021-09-03,113030
2021-09-04,94327
2021-09-05,91052
2021-09-06,137763
2021-09-07,240284
2021-09-08,154503
2021-09-09,104725
2021-09-10,100785
2021-09-11,78525
2021-09-12,77722
2021-09-13,103761
2021-09-14,91267
2021-09-15,109407
2021-09-16,90855
2021-09-17,101046
2021-09-18,82649
2021-09-19,74123
2021-09-20,131996
2021-09-21,101636
2021-09-22,98217
2021-09-23,117001
2021-09-24,161656
2021-09-25,97401
2021-09-26,85595
2021-09-27,103126
2021-09-28,99868
2021-09-29,110555
2021-09-30,109580
2021-10-01,149724
2021-10-02,89506
2021-10-03,97975
2021-10-04,132624
2021-10-05,153503
2021-10-06,195155
2021-10-07,129606
2021-10-08,107673
2021-10-09,92850
2021-10-10,91018
2021-10-11,142028
2021-10-12,114161
2021-10-13,113945
2021-10-14,130212
2021-10-15,232707
2021-10-16,141705
2021-10-17,111977
2021-10-18,140381
2021-10-19,176844
2021-10-20,290630
2021-10-21,186417
2021-10-22,147588
2021-10-23,114275
2021-10-24,106803
2021-10-25,134501
2021-10-26,125247
2021-10-27,126449
2021-10-28,125041
2021-10-29,112918
2021-10-30,91063
2021-10-31,105589
2021-11-01,112167
2021-11-02,137644
2021-11-03,127439
2021-11-04,119426
2021-11-05,115671
2021-11-06,97179
2021-11-07,103642
2021-11-08,168461
2021-11-09,189677
2021-11-10,154746
2021-11-11,131369
2021-11-12,121364
2021-11-13,120378
2021-11-14,125767
2021-11-15,137226
2021-11-16,141774
2021-11-17,128054
2021-11-18,134465
2021-11-19,150357
2021-11-20,128237
2021-11-21,140192
2021-11-22,132390
2021-11-23,128649
2021-11-24,116024
2021-11-25,114979
2021-11-26,146605
2021-11-27,120878
2021-11-28,118553
2021-11-29,142628
2021-11-30,116550
2021-12-01,138996
2021-12-02,121726
2021-12-03,125774
2021-12-04,196868
2021-12-05,124214
2021-12-06,153780
2021-12-07,161163
2021-12-08,152439
2021-12-09,135187
2021-12-10,131883
2021-12-11,127315
2021-12-12,140184
2021-12-13,144296
2021-12-14,141026
2021-12-15,146865
2021-12-16,123918
2021-12-17,116145
2021-12-18,116620
2021-12-19,113612
2021-12-20,124159
2021-12-21,137590
2021-12-22,120983
2021-12-23,133215
2021-12-24,122898
2021-12-25,110526
2021-12-26,91493
2021-12-27,105198
2021-12-28,118350
2021-12-29,111906
2021-12-30,126646
2021-12-31,116434
2022-01-01,93876
2022-01-02,114214
2022-01-03,157281
2022-01-04,152831
2022-01-05,149229
2022-01-06,174937
2022-01-07,179285
2022-01-08,146927
2022-01-09,139164
2022-01-10,163362
2022-01-11,151517
2022-01-12,163623
2022-01-13,155209
2022-01-14,139135
2022-01-15,119554
2022-01-16,124308
2022-01-17,137749
2022-01-18,154438
2022-01-19,154193
2022-01-20,166562
2022-01-21,213699
2022-01-22,228883
2022-01-23,165450
2022-01-24,188870
2022-01-25,179311
2022-01-26,181781
2022-01-27,172294
2022-01-28,189813
2022-01-29,156568
2022-01-30,138478
2022-01-31,179778
2022-02-01,188410
2022-02-02,166251
2022-02-03,143784
2022-02-04,200217
2022-02-05,204640
2022-02-06,168851
2022-02-07,209960
2022-02-08,197654
2022-02-09,235034
2022-02-10,188566
2022-02-11,160947
2022-02-12,139913
2022-02-13,146416
2022-02-14,327624
2022-02-15,194553
2022-02-16,176011
2022-02-17,200939
2022-02-18,167864
2022-02-19,143867
2022-02-20,152590
2022-02-21,170678
2022-02-22,177978
2022-02-23,172708
2022-02-24,178626
2022-02-25,193110
2022-02-26,161648
2022-02-27,131521
2022-02-28,185466
2022-03-01,211023
2022-03-02,158660
2022-03-03,150098
2022-03-04,149694
2022-03-05,121698
2022-03-06,122650
2022-03-07,147188
2022-03-08,133210
2022-03-09,189906
2022-03-10,158285
2022-03-11,148462
2022-03-12,132194
2022-03-13,121519
2022-03-14,159575
2022-03-15,187310
2022-03-16,189924
2022-03-17,135071
2022-03-18,134534
2022-03-19,168467
2022-03-20,172926
2022-03-21,211908
2022-03-22,338732
2022-03-23,193049
2022-03-24,238723
2022-03-25,255709
2022-03-26,193514
2022-03-27,202928
2022-03-28,239616
2022-03-29,234380
2022-03-30,200360
2022-03-31,164113
2022-04-01,179037
2022-04-02,153775
2022-04-03,157596
2022-04-04,171339
2022-04-05,186859
2022-04-06,170628
2022-04-07,229396
2022-04-08,224374
2022-04-09,184632
2022-04-10,155906
2022-04-11,163866
2022-04-12,172805
2022-04-13,156392
2022-04-14,160735
2022-04-15,151715
2022-04-16,108618
2022-04-17,120673
2022-04-18,157955
2022-04-19,166556
2022-04-20,196643
2022-04-21,244872
2022-04-22,206254
2022-04-23,138774
2022-04-24,129862
2022-04-25,187800
2022-04-26,157378
2022-04-27,167153
2022-04-28,161634
2022-04-29,146452
2022-04-30,119651
2022-05-01,140890
2022-05-02,140078
2022-05-03,132370
2022-05-04,151707
2022-05-05,157763
2022-05-06,163500
2022-05-07,153072
2022-05-08,172363
2022-05-09,238816
2022-05-10,205069
2022-05-11,184822
2022-05-12,203239
2022-05-13,173856
2022-05-14,140872
2022-05-15,150626
2022-05-16,196060
2022-05-17,166609
2022-05-18,131845
2022-05-19,142912
2022-05-20,147520
2022-05-21,105572
2022-05-22,158680
2022-05-23,142432
2022-05-24,126751
2022-05-25,121921
2022-05-26,111074
2022-05-27,103966
2022-05-28,88240
2022-05-29,91398
2022-05-30,132114
2022-05-31,125285
2022-06-01,117717
2022-06-02,110093
2022-06-03,109165
2022-06-04,94923
2022-06-05,99970
2022-06-06,129536
2022-06-07,141948
2022-06-08,132658
2022-06-09,111562
2022-06-10,120200
2022-06-11,116548
2022-06-12,120204
2022-06-13,226032
2022-06-14,177975
2022-06-15,168679
2022-06-16,152572
2022-06-17,132098
2022-06-18,209849
2022-06-19,177172
2022-06-20,162743
2022-06-21,144041
2022-06-22,132512
2022-06-23,128157
2022-06-24,124250
2022-06-25,128224
2022-06-26,118914
2022-06-27,154658
2022-06-28,139768
2022-06-29,133115
2022-06-30,147364
2022-07-01,143053
2022-07-02,122785
2022-07-03,108361
2022-07-04,111257
2022-07-05,130932
2022-07-06,125527
2022-07-07,145646
2022-07-08,120842
2022-07-09,107656
2022-07-10,104166
2022-07-11,119029
2022-07-12,107710
2022-07-13,114287
2022-07-14,116890
2022-07-15,103145
2022-07-16,105801
2022-07-17,110126
2022-07-18,162147
2022-07-19,166338
2022-07-20,164476
2022-07-21,161933
2022-07-22,129257
2022-07-23,121141
2022-07-24,96410
2022-07-25,111431
2022-07-26,116187
2022-07-27,113900
2022-07-28,127418
2022-07-29,116986
2022-07-30,114699
2022-07-31,130837
2022-08-01,122241
2022-08-02,113295
2022-08-03,115306
2022-08-04,106506
2022-08-05,113397
2022-08-06,97751
2022-08-07,100038
2022-08-08,130487
2022-08-09,116106
2022-08-10,126500
2022-08-11,150601
2022-08-12,152281
2022-08-13,97319
2022-08-14,105992
2022-08-15,123834
2022-08-16,128725
2022-08-17,134282
2022-08-18,101200
2022-08-19,132626
2022-08-20,108997
2022-08-21,99167
2022-08-22,122386
2022-08-23,116940
2022-08-24,118005
2022-08-25,108145
2022-08-26,108883
2022-08-27,100340
2022-08-28,99479
2022-08-29,115810
2022-08-30,102764
2022-08-31,111395
2022-09-01,103669
2022-09-02,104870
2022-09-03,87621
2022-09-04,83846
2022-09-05,99478
2022-09-06,111495
2022-09-07,120149
2022-09-08,115472
2022-09-09,122983
2022-09-10,103559
2022-09-11,98651
2022-09-12,123710
2022-09-13,132658
2022-09-14,104602
2022-09-15,97392
2022-09-16,94594
2022-09-17,89938
2022-09-18,93136
2022-09-19,117690
2022-09-20,128782
2022-09-21,151590
2022-09-22,124415
2022-09-23,107393
2022-09-24,100957
2022-09-25,99191
2022-09-26,124507
2022-09-27,129870
2022-09-28,121853
2022-09-29,125181
2022-09-30,122873
2022-10-01,90812
2022-10-02,91981
2022-10-03,110767
2022-10-04,126937
2022-10-05,110730
2022-10-06,107362
2022-10-07,102523
2022-10-08,92336
2022-10-09,96752
2022-10-10,118872
2022-10-11,111814
2022-10-12,112252
2022-10-13,128680
2022-10-14,110540
2022-10-15,105449
2022-10-16,105755
2022-10-17,116159
2022-10-18,111263
2022-10-19,108343
2022-10-20,105699
2022-10-21,104532
2022-10-22,98768
2022-10-23,105347
2022-10-24,101951
2022-10-25,156531
2022-10-26,445
2022-10-27,122551
2022-10-28,101452
2022-10-29,96943
2022-10-30,93623
2022-10-31,130807
2022-11-01,117865
2022-11-02,117496
2022-11-03,108848
2022-11-04,121704
2022-11-05,109155
2022-11-06,99840
2022-11-07,114921
2022-11-08,143108
2022-11-09,196136
2022-11-10,152541
2022-11-11,124161
2022-11-12,111941
2022-11-13,106990
2022-11-14,145064
2022-11-15,126661
2022-11-16,118527
2022-11-17,201128
2022-11-18,129206
2022-11-19,127777
2022-11-20,128270
2022-11-21,156187
2022-11-22,139292
2022-11-23,132170
2022-11-24,131430
2022-11-25,145579
2022-11-26,120721
2022-11-27,169345
2022-11-28,107897
2022-11-29,100130
2022-11-30,133079
2022-12-01,113755
2022-12-02,93412
2022-12-03,83177
2022-12-04,89870
2022-12-05,112551
2022-12-06,120551
2022-12-07,105786
2022-12-08,104067
2022-12-09,96787
2022-12-10,83624
2022-12-11,95331
2022-12-12,107250
2022-12-13,104973
2022-12-14,123880
2022-12-15,111475
2022-12-16,108929
2022-12-17,89303
2022-12-18,81518
2022-12-19,100038
2022-12-20,90756
2022-12-21,88992
2022-12-22,88226
2022-12-23,110257
2022-12-24,84020
2022-12-25,86375
2022-12-26,98656
2022-12-27,85632
2022-12-28,107117
2022-12-29,96225
2022-12-30,97462
2022-12-31,77382
2023-01-01,72018
2023-01-02,91611
2023-01-03,131023
2023-01-04,157252
2023-01-05,103073
2023-01-06,136519
2023-01-07,89381
2023-01-08,95146
2023-01-09,123935
2023-01-10,167224
2023-01-11,175262
2023-01-12,151541
2023-01-13,202833
2023-01-14,274264
2023-01-15,157051
2023-01-16,132988
2023-01-17,122528
2023-01-18,124969
2023-01-19,114059
2023-01-20,135671
2023-01-21,134571
2023-01-22,109526
2023-01-23,160357
2023-01-24,106272
2023-01-25,111179
2023-01-26,110681
2023-01-27,165964
2023-01-28,118418
2023-01-29,135946
2023-01-30,170576
2023-01-31,112736
2023-02-01,173262
2023-02-02,111930
2023-02-03,102759
2023-02-04,88185
2023-02-05,90480
2023-02-06,87412
2023-02-07,77878
2023-02-08,81465
2023-02-09,95053
2023-02-10,134788
2023-02-11,136690
2023-02-12,163408
2023-02-13,78280
2023-02-14,130437
2023-02-15,201610
2023-02-16,210737
2023-02-17,163137
2023-02-18,99932
2023-02-19,155951
2023-02-20,184615
2023-02-21,150968
2023-02-22,153302
2023-02-23,161769
2023-02-24,160551
2023-02-25,141962
2023-02-26,154827
2023-02-27,144765
2023-02-28,90551
2023-03-01,91307
2023-03-02,91922
2023-03-03,97546
2023-03-04,84609
2023-03-05,82565
2023-03-06,123458
2023-03-07,125393
2023-03-08,112866
2023-03-09,107231
2023-03-10,120160
2023-03-11,107064
2023-03-12,120467
2023-03-13,198796
2023-03-14,203783
